Model,Accuracy,Precision,Recall,F1,ROC_AUC
RandomForest,0.9597069597069597,0.9554096094020048,0.9644103279832519,0.9598888695954159,0.9921033338680088
GradientBoosting,0.9293563579277865,0.9169772958319213,0.9441730635031402,0.9303764827230531,0.9815466977378846
LogisticRegression,0.8958660387231816,0.9047449161612559,0.8848569434752268,0.8946904215911096,0.963552940540759
